Workbook

Sheet критерии
A1: Критерии выбора ноутбука учащемуся
A3: 1 | B3: тип матрицы
A4: 2 | B4: разрешение экрана(fhd, qhd, 4k)
A5: 3 | B5: герцовка экрана
A6: 4 | B6: количество ядер процессора
A7: 5 | B7: тактовая частота процесссора
A8: 6 | B8: цвет ноутбука
A9: 7 | B9: цена
A10: 8 | B10: оперативная память (ОЗУ)
A11: 9 | B11: размер экрана
A12: 10 | B12: емкость батареи
A13: 11 | B13: количество портов
A14: 12 | B14: вес
... A20: 18 | B20: объем памяти видеокарты

Sheet выборка критериев
A1: метод ранжирования
A2: Эксперты | B2: Критерии
B3: К1 | C3: К2 | D3: К3 | E3: К4 | F3: К5 | G3: К6 | H3: К7 | I3: К8 | J3: К9 | K3: К10 | L3: К11 | M3: К12 | N3: К13 | O3: К14 | P3: К15 | Q3: К16 | R3: К17 | S3: К18
A4: Василий | B4: 14 | C4: 13 | D4: 10 | E4: 15 | F4: 12 | G4: 1 | H4: 18 | I4: 17 | J4: 11 | K4: 9 | L4: 3 | M4: 5 | N4: 7 | O4: 2 | P4: 16 | Q4: 4 | R4: 6 | S4: 8
A5: Максим | B5: 13 | C5: 12 | D5: 9 | E5: 16 | F5: 15 | G5: 1 | H5: 18 | I5: 17 | J5: 10 | K5: 8 | L5: 5 | M5: 2 | N5: 6 | O5: 4 | P5: 14 | Q5: 7 | R5: 3 | S5: 11
A6: Егор | B6: 13 | C6: 12 | D6: 7 | E6: 15 | F6: 14 | G6: 1 | H6: 18 | I6: 17 | J6: 11 | K6: 10 | L6: 5 | M6: 3 | N6: 9 | O6: 4 | P6: 16 | Q6: 6 | R6: 2 | S6: 8
A7: Антон | B7: 11 | C7: 10 | D7: 9 | E7: 13 | F7: 12 | G7: 1 | H7: 18 | I7: 15 | J7: 16 | K7: 17 | L7: 4 | M7: 6 | N7: 8 | O7: 5 | P7: 14 | Q7: 3 | R7: 2 | S7: 7
A8: Павел | B8: 10 | C8: 12 | D8: 8 | E8: 17 | F8: 15 | G8: 1 | H8: 18 | I8: 17 | J8: 13 | K8: 8 | L8: 4 | M8: 10 | N8: 7 | O8: 5 | P8: 16 | Q8: 8 | R8: 8 | S8: 13
A9: Владислав | B9: 12 | C9: 11 | D9: 4 | E9: 14 | F9: 15 | G9: 2 | H9: 18 | I9: 16 | J9: 13 | K9: 9 | L9: 3 | M9: 10 | N9: 7 | O9: 1 | P9: 17 | Q9: 8 | R9: 6 | S9: 5
A10: Николай | B10: 10 | C10: 11 | D10: 9 | E10: 18 | F10: 17 | G10: 1 | H10: 16 | I10: 15 | J10: 8 | K10: 12 | L10: 6 | M10: 5 | N10: 3 | O10: 2 | P10: 14 | Q10: 7 | R10: 4 | S10: 13
A11: Артем | B11: 9 | C11: 12 | D11: 7 | E11: 18 | F11: 17 | G11: 1 | H11: 13 | I11: 16 | J11: 11 | K11: 8 | L11: 4 | M11: 10 | N11: 3 | O11: 5 | P11: 15 | Q11: 6 | R11: 2 | S11: 14
A12: сумма оценок | B12: =SUM(B4:B11) -> 92 | C12: =SUM(C4:C11) -> 93 | D12: =SUM(D4:D11) -> 63 | E12: =SUM(E4:E11) -> 126 | F12: =SUM(F4:F11) -> 117 | G12: =SUM(G4:G11) -> 9 | H12: =SUM(H4:H11) -> 137 | I12: =SUM(I4:I11) -> 130 | ... S12: =SUM(S4:S11) -> 79
A13: веса критериев | B13: =B12/SUM($B$12:$S$12) -> 0.066330209 | C13: =C12/SUM($B$12:$S$12) -> 0.06705119 | D13: =D12/SUM($B$12:$S$12) -> 0.045421774 | E13: =E12/SUM($B$12:$S$12) -> 0.090843547 | F13: =F12/SUM($B$12:$S$12) -> 0.084354722 | G13: =G12/SUM($B$12:$S$12) -> 0.0064888248 | H13: =H12/SUM($B$12:$S$12) -> 0.098774333 | I13: =I12/SUM($B$12:$S$12) -> 0.093727469 | ... S13: =S12/SUM($B$12:$S$12) -> 0.056957462
A15: метод приписывания баллов
A16: Эксперты | B16: Критерии | T16: сумма
B17: К1 | C17: К2 | D17: К3 | E17: К4 | F17: К5 | G17: К6 | H17: К7 | I17: К8 | J17: К9 | K17: К10 | L17: К11 | M17: К12 | N17: К13 | O17: К14 | P17: К15 | Q17: К16 | R17: К17 | S17: К18
A18: Василий | B18: 8 | C18: 8 | D18: 6 | E18: 9 | F18: 9 | G18: 1 | H18: 10 | I18: 9 | J18: 7 | K18: 7 | L18: 4 | M18: 6 | N18: 7 | O18: 3 | P18: 10 | Q18: 2 | R18: 2 | S18: 5 | T18: =SUM(B18:S18) -> 113
A19: Максим | B19: 8 | C19: 8 | D19: 7 | E19: 9 | F19: 7 | G19: 1 | H19: 10 | I19: 9 | J19: 6 | K19: 6 | L19: 4 | M19: 2 | N19: 5 | O19: 3 | P19: 9 | Q19: 6 | R19: 3 | S19: 8 | T19: =SUM(B19:S19) -> 111
A20: Егор | B20: 8 | C20: 7 | D20: 6 | E20: 8 | F20: 8 | G20: 1 | H20: 10 | I20: 9 | J20: 7 | K20: 6 | L20: 5 | M20: 3 | N20: 6 | O20: 4 | P20: 9 | Q20: 5 | R20: 2 | S20: 6 | T20: =SUM(B20:S20) -> 110
A21: Антон | B21: 7 | C21: 7 | D21: 6 | E21: 8 | F21: 8 | G21: 0 | H21: 10 | I21: 9 | J21: 8 | K21: 10 | L21: 5 | M21: 4 | N21: 4 | O21: 1 | P21: 9 | Q21: 0 | R21: 2 | S21: 7 | T21: =SUM(B21:S21) -> 105
A22: Павел | B22: 7 | C22: 7 | D22: 7 | E22: 9 | F22: 9 | G22: 0 | H22: 10 | I22: 9 | J22: 8 | K22: 7 | L22: 4 | M22: 6 | N22: 4 | O22: 2 | P22: 9 | Q22: 4 | R22: 5 | S22: 7 | T22: =SUM(B22:S22) -> 114
A23: Владислав | B23: 7 | C23: 6 | D23: 3 | E23: 8 | F23: 8 | G23: 1 | H23: 10 | I23: 9 | J23: 7 | K23: 5 | L23: 2 | M23: 6 | N23: 4 | O23: 0 | P23: 9 | Q23: 5 | R23: 4 | S23: 3 | T23: =SUM(B23:S23) -> 97
A24: Николай | B24: 7 | C24: 7 | D24: 7 | E24: 10 | F24: 10 | G24: 1 | H24: 9 | I24: 9 | J24: 5 | K24: 8 | L24: 4 | M24: 3 | N24: 3 | O24: 2 | P24: 9 | Q24: 4 | R24: 3 | S24: 8 | T24: =SUM(B24:S24) -> 109
A25: Артем | B25: 7 | C25: 7 | D25: 6 | E25: 10 | F25: 10 | G25: 1 | H25: 7 | I25: 9 | J25: 6 | K25: 6 | L25: 3 | M25: 7 | N25: 2 | O25: 4 | P25: 9 | Q25: 4 | R25: 2 | S25: 8 | T25: =SUM(B25:S25) -> 108
A27: определение весов критериев
A28: Эксперты | B28: Критерии
B29: К1 | C29: К2 | D29: К3 | E29: К4 | F29: К5 | G29: К6 | H29: К7 | I29: К8 | J29: К9 | K29: К10 | L29: К11 | M29: К12 | N29: К13 | O29: К14 | P29: К15 | Q29: К16 | R29: К17 | S29: К18
A30: Василий | B30: =B18/$T$18 -> 0.07079646 | C30: =C18/$T$18 -> 0.07079646 | D30: =D18/$T$18 -> 0.053097345 | E30: =E18/$T$18 -> 0.079646018 | F30: =F18/$T$18 -> 0.079646018 | G30: =G18/$T$18 -> 0.0088495575 | H30: =H18/$T$18 -> 0.088495575 | I30: =I18/$T$18 -> 0.079646018 | ... S30: =S18/$T$18 -> 0.044247788
A31: Максим | B31: =B19/$T$19 -> 0.072072072 | C31: =C19/$T$19 -> 0.072072072 | D31: =D19/$T$19 -> 0.063063063 | E31: =E19/$T$19 -> 0.081081081 | F31: =F19/$T$19 -> 0.063063063 | G31: =G19/$T$19 -> 0.009009009 | H31: =H19/$T$19 -> 0.09009009 | I31: =I19/$T$19 -> 0.081081081 | ... S31: =S19/$T$19 -> 0.072072072
A32: Егор | B32: =B20/$T$20 -> 0.072727273 | C32: =C20/$T$20 -> 0.063636364 | D32: =D20/$T$20 -> 0.054545455 | E32: =E20/$T$20 -> 0.072727273 | F32: =F20/$T$20 -> 0.072727273 | G32: =G20/$T$20 -> 0.0090909091 | H32: =H20/$T$20 -> 0.090909091 | I32: =I20/$T$20 -> 0.081818182 | ... S32: =S20/$T$20 -> 0.054545455
A33: Антон | B33: =B21/$T$21 -> 0.066666667 | C33: =C21/$T$21 -> 0.066666667 | D33: =D21/$T$21 -> 0.057142857 | E33: =E21/$T$21 -> 0.076190476 | F33: =F21/$T$21 -> 0.076190476 | G33: =G21/$T$21 -> 0 | H33: =H21/$T$21 -> 0.095238095 | I33: =I21/$T$21 -> 0.085714286 | ... S33: =S21/$T$21 -> 0.066666667
A34: Павел | B34: =B22/$T$22 -> 0.061403509 | C34: =C22/$T$22 -> 0.061403509 | D34: =D22/$T$22 -> 0.061403509 | E34: =E22/$T$22 -> 0.078947368 | F34: =F22/$T$22 -> 0.078947368 | G34: =G22/$T$22 -> 0 | H34: =H22/$T$22 -> 0.087719298 | I34: =I22/$T$22 -> 0.078947368 | ... S34: =S22/$T$22 -> 0.061403509
A35: Владислав | B35: =B23/$T$23 -> 0.072164948 | C35: =C23/$T$23 -> 0.06185567 | D35: =D23/$T$23 -> 0.030927835 | E35: =E23/$T$23 -> 0.082474227 | F35: =F23/$T$23 -> 0.082474227 | G35: =G23/$T$23 -> 0.010309278 | H35: =H23/$T$23 -> 0.10309278 | I35: =I23/$T$23 -> 0.092783505 | ... S35: =S23/$T$23 -> 0.030927835
A36: Николай | B36: =B24/$T$24 -> 0.064220183 | C36: =C24/$T$24 -> 0.064220183 | D36: =D24/$T$24 -> 0.064220183 | E36: =E24/$T$24 -> 0.091743119 | F36: =F24/$T$24 -> 0.091743119 | G36: =G24/$T$24 -> 0.0091743119 | H36: =H24/$T$24 -> 0.082568807 | I36: =I24/$T$24 -> 0.082568807 | ... S36: =S24/$T$24 -> 0.073394495
A37: Артем | B37: =B25/$T$25 -> 0.064814815 | C37: =C25/$T$25 -> 0.064814815 | D37: =D25/$T$25 -> 0.055555556 | E37: =E25/$T$25 -> 0.092592593 | F37: =F25/$T$25 -> 0.092592593 | G37: =G25/$T$25 -> 0.0092592593 | H37: =H25/$T$25 -> 0.064814815 | I37: =I25/$T$25 -> 0.083333333 | ... S37: =S25/$T$25 -> 0.074074074
A38: сумма оценок | B38: =SUM(B30:B37) -> 0.54486593 | C38: =SUM(C30:C37) -> 0.52546574 | D38: =SUM(D30:D37) -> 0.4399558 | E38: =SUM(E30:E37) -> 0.65540215 | F38: =SUM(F30:F37) -> 0.63738414 | G38: =SUM(G30:G37) -> 0.055692325 | H38: =SUM(H30:H37) -> 0.70292856 | I38: =SUM(I30:I37) -> 0.66589258 | ... S38: =SUM(S30:S37) -> 0.47733189
A39: веса критериев | B39: =B38/SUM($B$38:$S$38) -> 0.068108241 | C39: =C38/SUM($B$38:$S$38) -> 0.065683217 | D39: =D38/SUM($B$38:$S$38) -> 0.054994475 | E39: =E38/SUM($B$38:$S$38) -> 0.081925269 | F39: =F38/SUM($B$38:$S$38) -> 0.079673017 | G39: =G38/SUM($B$38:$S$38) -> 0.0069615406 | H39: =H38/SUM($B$38:$S$38) -> 0.087866069 | I39: =I38/SUM($B$38:$S$38) -> 0.083236573 | ... S39: =S38/SUM($B$38:$S$38) -> 0.059666487

Sheet веса критериев
A1: метод ранжирования
A2: Эксперты | B2: Критерии
B3: К1 | C3: К2 | D3: К4 | E3: К5 | F3: К7 | G3: К8 | H3: К9 | I3: К10 | J3: К15 | K3: К18 | N3: 18 | O3: 10
A4: Василий | B4: 6 | C4: 5 | D4: 7 | E4: 4 | F4: 10 | G4: 9 | H4: 3 | I4: 2 | J4: 8 | K4: 1 | N4: 17 | O4: 9
A5: Максим | B5: 5 | C5: 4 | D5: 8 | E5: 7 | F5: 10 | G5: 9 | H5: 2 | I5: 1 | J5: 6 | K5: 3 | N5: 16 | O5: 8
A6: Егор | B6: 5 | C6: 4 | D6: 7 | E6: 6 | F6: 10 | G6: 9 | H6: 3 | I6: 2 | J6: 8 | K6: 1 | N6: 15 | O6: 7
A7: Антон | B7: 3 | C7: 2 | D7: 5 | E7: 4 | F7: 10 | G7: 7 | H7: 8 | I7: 9 | J7: 6 | K7: 1 | N7: 14 | O7: 6
A8: Павел | B8: 3 | C8: 4 | D8: 8 | E8: 6 | F8: 10 | G8: 9 | H8: 2 | I8: 1 | J8: 7 | K8: 5 | N8: 13 | O8: 5
A9: Владислав | B9: 4 | C9: 3 | D9: 6 | E9: 7 | F9: 10 | G9: 8 | H9: 5 | I9: 2 | J9: 9 | K9: 1 | N9: 12 | O9: 4
A10: Николай | B10: 2 | C10: 3 | D10: 10 | E10: 9 | F10: 8 | G10: 7 | H10: 1 | I10: 4 | J10: 6 | K10: 5 | N10: 11 | O10: 3
A11: Артем | B11: 2 | C11: 4 | D11: 10 | E11: 9 | F11: 5 | G11: 8 | H11: 3 | I11: 1 | J11: 7 | K11: 6 | N11: 10 | O11: 2
A12: сумма оценок | B12: =SUM(B4:B11) -> 30 | C12: =SUM(C4:C11) -> 29 | D12: =SUM(D4:D11) -> 61 | E12: =SUM(E4:E11) -> 52 | F12: =SUM(F4:F11) -> 73 | G12: =SUM(G4:G11) -> 66 | H12: =SUM(H4:H11) -> 27 | I12: =SUM(I4:I11) -> 22 | ... K12: =SUM(K4:K11) -> 23 | N12: 9 | O12: 1
A13: веса критериев | B13: =B12/SUM($B$12:$K$12) -> 0.068181818 | C13: =C12/SUM($B$12:$K$12) -> 0.065909091 | D13: =D12/SUM($B$12:$K$12) -> 0.13863636 | E13: =E12/SUM($B$12:$K$12) -> 0.11818182 | F13: =F12/SUM($B$12:$K$12) -> 0.16590909 | G13: =G12/SUM($B$12:$K$12) -> 0.15 | H13: =H12/SUM($B$12:$K$12) -> 0.061363636 | I13: =I12/SUM($B$12:$K$12) -> 0.05 | ... K13: =K12/SUM($B$12:$K$12) -> 0.052272727 | N13: 8 | O13: 0
N14: 7 | O14: -1
A15: метод приписывания баллов | N15: 6 | O15: -2
A16: Эксперты | B16: Критерии | L16: сумма
B17: К1 | C17: К2 | D17: К4 | E17: К5 | F17: К7 | G17: К8 | H17: К9 | I17: К10 | J17: К15 | K17: К18
A18: Василий | B18: 8 | C18: 8 | D18: 9 | E18: 9 | F18: 10 | G18: 9 | H18: 7 | I18: 7 | J18: 10 | K18: 5 | L18: =SUM(B18:K18) -> 82
A19: Максим | B19: 8 | C19: 8 | D19: 9 | E19: 7 | F19: 10 | G19: 9 | H19: 6 | I19: 6 | J19: 9 | K19: 8 | L19: =SUM(B19:K19) -> 80
A20: Егор | B20: 8 | C20: 7 | D20: 8 | E20: 8 | F20: 10 | G20: 9 | H20: 7 | I20: 6 | J20: 9 | K20: 6 | L20: =SUM(B20:K20) -> 78
A21: Антон | B21: 7 | C21: 7 | D21: 8 | E21: 8 | F21: 10 | G21: 9 | H21: 8 | I21: 10 | J21: 9 | K21: 7 | L21: =SUM(B21:K21) -> 83
A22: Павел | B22: 7 | C22: 7 | D22: 9 | E22: 9 | F22: 10 | G22: 9 | H22: 8 | I22: 7 | J22: 9 | K22: 7 | L22: =SUM(B22:K22) -> 82
A23: Владислав | B23: 7 | C23: 6 | D23: 8 | E23: 8 | F23: 10 | G23: 9 | H23: 7 | I23: 5 | J23: 9 | K23: 3 | L23: =SUM(B23:K23) -> 72
A24: Николай | B24: 7 | C24: 7 | D24: 10 | E24: 10 | F24: 9 | G24: 9 | H24: 5 | I24: 8 | J24: 9 | K24: 8 | L24: =SUM(B24:K24) -> 82
A25: Артем | B25: 7 | C25: 7 | D25: 10 | E25: 10 | F25: 7 | G25: 9 | H25: 6 | I25: 6 | J25: 9 | K25: 8 | L25: =SUM(B25:K25) -> 79
A27: определение весов критериев
A28: Эксперты | B28: Критерии
B29: К1 | C29: К2 | D29: К4 | E29: К5 | F29: К7 | G29: К8 | H29: К9 | I29: К10 | J29: К15 | K29: К18
A30: Василий | B30: =B18/$L$18 -> 0.097560976 | C30: =C18/$L$18 -> 0.097560976 | D30: =D18/$L$18 -> 0.1097561 | E30: =E18/$L$18 -> 0.1097561 | F30: =F18/$L$18 -> 0.12195122 | G30: =G18/$L$18 -> 0.1097561 | H30: =H18/$L$18 -> 0.085365854 | I30: =I18/$L$18 -> 0.085365854 | ... K30: =K18/$L$18 -> 0.06097561
A31: Максим | B31: =B19/$L$19 -> 0.1 | C31: =C19/$L$19 -> 0.1 | D31: =D19/$L$19 -> 0.1125 | E31: =E19/$L$19 -> 0.0875 | F31: =F19/$L$19 -> 0.125 | G31: =G19/$L$19 -> 0.1125 | H31: =H19/$L$19 -> 0.075 | I31: =I19/$L$19 -> 0.075 | ... K31: =K19/$L$19 -> 0.1
A32: Егор | B32: =B20/$L$20 -> 0.1025641 | C32: =C20/$L$20 -> 0.08974359 | D32: =D20/$L$20 -> 0.1025641 | E32: =E20/$L$20 -> 0.1025641 | F32: =F20/$L$20 -> 0.12820513 | G32: =G20/$L$20 -> 0.11538462 | H32: =H20/$L$20 -> 0.08974359 | I32: =I20/$L$20 -> 0.076923077 | ... K32: =K20/$L$20 -> 0.076923077
A33: Антон | B33: =B21/$L$21 -> 0.084337349 | C33: =C21/$L$21 -> 0.084337349 | D33: =D21/$L$21 -> 0.096385542 | E33: =E21/$L$21 -> 0.096385542 | F33: =F21/$L$21 -> 0.12048193 | G33: =G21/$L$21 -> 0.10843373 | H33: =H21/$L$21 -> 0.096385542 | I33: =I21/$L$21 -> 0.12048193 | ... K33: =K21/$L$21 -> 0.084337349
A34: Павел | B34: =B22/$L$22 -> 0.085365854 | C34: =C22/$L$22 -> 0.085365854 | D34: =D22/$L$22 -> 0.1097561 | E34: =E22/$L$22 -> 0.1097561 | F34: =F22/$L$22 -> 0.12195122 | G34: =G22/$L$22 -> 0.1097561 | H34: =H22/$L$22 -> 0.097560976 | I34: =I22/$L$22 -> 0.085365854 | ... K34: =K22/$L$22 -> 0.085365854
A35: Владислав | B35: =B23/$L$23 -> 0.097222222 | C35: =C23/$L$23 -> 0.083333333 | D35: =D23/$L$23 -> 0.11111111 | E35: =E23/$L$23 -> 0.11111111 | F35: =F23/$L$23 -> 0.13888889 | G35: =G23/$L$23 -> 0.125 | H35: =H23/$L$23 -> 0.097222222 | I35: =I23/$L$23 -> 0.069444444 | ... K35: =K23/$L$23 -> 0.041666667
A36: Николай | B36: =B24/$L$24 -> 0.085365854 | C36: =C24/$L$24 -> 0.085365854 | D36: =D24/$L$24 -> 0.12195122 | E36: =E24/$L$24 -> 0.12195122 | F36: =F24/$L$24 -> 0.1097561 | G36: =G24/$L$24 -> 0.1097561 | H36: =H24/$L$24 -> 0.06097561 | I36: =I24/$L$24 -> 0.097560976 | ... K36: =K24/$L$24 -> 0.097560976
A37: Артем | B37: =B25/$L$25 -> 0.088607595 | C37: =C25/$L$25 -> 0.088607595 | D37: =D25/$L$25 -> 0.12658228 | E37: =E25/$L$25 -> 0.12658228 | F37: =F25/$L$25 -> 0.088607595 | G37: =G25/$L$25 -> 0.11392405 | H37: =H25/$L$25 -> 0.075949367 | I37: =I25/$L$25 -> 0.075949367 | ... K37: =K25/$L$25 -> 0.10126582
A38: сумма оценок | B38: =SUM(B30:B37) -> 0.74102395 | C38: =SUM(C30:C37) -> 0.71431455 | D38: =SUM(D30:D37) -> 0.89060645 | E38: =SUM(E30:E37) -> 0.86560645 | F38: =SUM(F30:F37) -> 0.95484208 | G38: =SUM(G30:G37) -> 0.90451069 | H38: =SUM(H30:H37) -> 0.67820316 | I38: =SUM(I30:I37) -> 0.6860915 | ... K38: =SUM(K30:K37) -> 0.64809535
A39: веса критериев | B39: =B38/SUM($B$38:$K$38) -> 0.092627994 | C39: =C38/SUM($B$38:$K$38) -> 0.089289319 | D39: =D38/SUM($B$38:$K$38) -> 0.11132581 | E39: =E38/SUM($B$38:$K$38) -> 0.10820081 | F39: =F38/SUM($B$38:$K$38) -> 0.11935526 | G39: =G38/SUM($B$38:$K$38) -> 0.11306384 | H39: =H38/SUM($B$38:$K$38) -> 0.084775395 | I39: =I38/SUM($B$38:$K$38) -> 0.085761437 | ... K39: =K38/SUM($B$38:$K$38) -> 0.081011919

Sheet альтернативы (м. ранжирования)
G1: минимизируем | I1: минимизируем | K1: минимизируем | M1: минимизируем | N1: минимизируем
A2: Эксперты | B2: Альтернативы | C2: Критерии | Q2: К1 | R2: тип матрицы
C3: тип матрицы | E3: разрешение экрана | G3: ядра процессора | H3: частота процессора, ГГц | I3: цена, руб | J3: ОЗУ, Гб | K3: диагональ экрана, дюймы | L3: емкость батареи, Вт*ч | M3: ПЗУ, Гб | N3: объем памяти видеокарты, Гб | Q3: К2 | R3: разрешение экрана(fhd, qhd, 4k)
A4: Василий | B4: HONOR MagicBook x16 pro | C4: IPS | D4: 1 | E4: 1920 | F4: 1200 | G4: 12 | H4: 4.7 | I4: 52793 | J4: 16 | K4: 16 | L4: 60 | M4: 512 | N4: 0 | O4: https://market.yandex.ru/cc/6nqBzU | Q4: К4 | R4: количество ядер процессора
A5: Максим | B5: HONOR MagicBook 14 | C5: IPS | D5: =1 -> 1 | E5: 1920 | F5: 1080 | G5: 8 | H5: 1.8 | I5: 46299 | J5: 16 | K5: 14 | L5: 56 | M5: 512 | N5: 0 | O5: https://www.dns-shop.ru/product/dcf779ff220aed20/14-noutbuk-honor-magicbook-14-nmh-wfp9hn-seryj/ | Q5: К5 | R5: тактовая частота процесссора
A6: Егор | B6: Ноутбук ASUS ZenBook 14 | C6: IPS | D6: 1 | E6: 2560 | F6: 1600 | G6: 12 | H6: 4.5 | I6: 79999 | J6: 16 | K6: 14 | L6: 75 | M6: 512 | N6: 0 | O6: https://www.dns-shop.ru/product/2c0c086fd9a6ed20/14-noutbuk-asus-zenbook-14-um3402ya-kp647-cernyj/?ysclid=mal60elcce681298890 | Q6: К7 | R6: цена
A7: Антон | B7: Infinix InBook Y3 MAX | C7: IPS | D7: 1 | E7: 1920 | F7: 1200 | G7: 6 | H7: 2 | I7: 42999 | J7: 16 | K7: 16 | L7: 70 | M7: 512 | N7: 0 | O7: https://www.dns-shop.ru/product/53ea76625f75d0a4/16-noutbuk-infinix-inbook-y3-max-seryj/ | Q7: К8 | R7: оперативная память (ОЗУ)
A8: Павел | B8: ASUS TUF Gaming F15 FX507 | C8: IPS | D8: 1 | E8: 1920 | F8: 1080 | G8: 12 | H8: 4.5 | I8: 67878 | J8: 16 | K8: 15.6 | L8: 56 | M8: 512 | N8: 0 | O8: https://market.yandex.ru/product--igrovoi-noutbuk-asus-tuf-gaming-f15-fx507zc4-hn252-15-6-1920x1080-ips-intel-core-i5-12500h-16gb-ddr4-512gb-ssd-rtx-3050-4gb-bez-os-grey-90nrogw1-m00mj0/919962843?sku=103700812503&uniqueId=109692401&do-waremd5=faJpz6vs3K6elcELDL2mfQ&cpc=vyW1ffL4FQ52YqYg8z0j3ldDY8kYjBn5yj5JCgihEB7JwlM3O06l3--3CNZl-zAYmLcDjyVTuRuj4Lyb_ssAL8kO2ShJprJAk9gCtCX5ORI69d1aJHVWSjXiAYAbGdS6RgBRYiY5vBddcJAjxWpMnT-cdSzag7kfqc9jjAps2hQ8aBurozG-qAM-IScsSrInDnHqOgDL31MKwiwlnIrn1x3Qnkkxy-NrrdE8n2rm_ZqG8UVZ1FHtlMUwNjudXohOjD5i3T7V-YV5qg1bsM87gm56zVVSu__l | Q8: К9 | R8: размер экрана
A9: Владислав | B9: Huawei MateBook D14 | C9: IPS | D9: 1 | E9: 1920 | F9: 1080 | G9: 8 | H9: 2 | I9: 40990 | J9: 16 | K9: 14 | L9: 56 | M9: 512 | N9: 0 | O9: https://market.yandex.ru/product--huawei-14-noutbuk-huawei-matebook-d14-mdf-x-gray-core-i5-12450h-16gb-512gb-ssd-vga-int-dos-53013xet/74871420?sku=102820255915&uniqueId=62878861&do-waremd5=pLoEjzJkn_ITRbF4LwGzuA&utm_term=91013%7C102820255915&clid=1601&utm_source=yandex&utm_medium=search&utm_campaign=ymp_offer_dp_komputer_msku_super_price_bko_dyb_search_rus&utm_content=cid%3A115463487%7Cgid%3A5507963106%7Caid%3A1858628910305499451%7Cph%3A53524016197%7Cpt%3Apremium%7Cpn%3A1%7Csrc%3Anone%7Cst%3Asearch%7Crid%3A53524016197%7Ccgcid%3A0&yclid=10834831335092387839&ysclid=mal5w7uf6112011027 | Q9: К10 | R9: емкость батареи
A10: Николай | B10: MSI Modern 15 | C10: IPS | D10: 1 | E10: 1920 | F10: 1080 | G10: 10 | H10: 4.6 | I10: 48999 | J10: 16 | K10: 15.6 | L10: 39 | M10: 512 | N10: 0 | O10: https://www.dns-shop.ru/product/247d3cd89668d9cb/156-noutbuk-msi-modern-15-f13mg-064xru-seryj/ | Q10: К15 | R10: постоянная память (ПЗУ)
A11: Артем | B11: Acer Aspire 5 | C11: IPS | D11: 1 | E11: 1920 | F11: 1080 | G11: 10 | H11: 4.7 | I11: 70000 | J11: 16 | K11: 15.6 | L11: 50 | M11: 512 | N11: 0 | O11: https://www.citilink.ru/product/noutbuk-acer-aspire-5-a515-57-i7-12650h-16gb-ssd1tb-15-6-ips-fhd-noos-2048235/?referrer=reattribution%3D1&utm_medium=cpc&utm_campaign=cities-srch-cat-perfomans-epk_all_noutbuki&utm_source=yandex&utm_content=|c:120132727|g:5578870216|b:1874748655933516434|k:205578870216|st:search|a:no|s:none|t:premium|p:1|r:205578870216|dev:desktop|cgci:0|adsformat:{adformat}&yclid=7620062049922187263 | Q11: К18 | R11: объем памяти видеокарты
A12: максимум | C12: =C10 -> IPS | D12: =MAX(D4:D11) -> 1 | E12: =MAX(E4:E11) -> 2560 | F12: =MAX(F4:F11) -> 1600 | G12: =MAX(G4:G11) -> 12 | H12: =MAX(H4:H11) -> 4.7 | I12: =MAX(I4:I11) -> 79999 | J12: =MAX(J4:J11) -> 16 | K12: =MAX(K4:K11) -> 16 | ... N12: =MAX(N4:N11) -> 0
A13: минимум | C13: =C11 -> IPS | D13: =IF(MIN(D4:D11)=D12,0,MIN(D4:D11)) -> 0 | E13: =IF(MIN(E4:E11)=E12,0,MIN(E4:E11)) -> 1920 | F13: =IF(MIN(F4:F11)=F12,0,MIN(F4:F11)) -> 1080 | G13: =IF(MIN(G4:G11)=G12,0,MIN(G4:G11)) -> 6 | H13: =IF(MIN(H4:H11)=H12,0,MIN(H4:H11)) -> 1.8 | I13: =IF(MIN(I4:I11)=I12,0,MIN(I4:I11)) -> 40990 | J13: =IF(MIN(J4:J11)=J12,0,MIN(J4:J11)) -> 0 | K13: =IF(MIN(K4:K11)=K12,0,MIN(K4:K11)) -> 14 | ... N13: =IF(MIN(N4:N11)=N12,0,MIN(N4:N11)) -> 0
A15: Эксперты | B15: Альтернативы | C15: Нормализация критериев
C16: тип матрицы | E16: разрешение экрана | G16: ядра процессора | H16: частота процессора, ГГц | I16: цена, руб | J16: ОЗУ, Гб | K16: диагональ экрана, дюймы | L16: емкость батареи, Вт*ч | M16: ПЗУ, Гб | N16: объем памяти видеокарты, Гб
A17: Василий | B17: =B4 -> HONOR MagicBook x16 pro | C17: =C4 -> IPS | D17: =(D4-$D$13)/($D$12-$D$13) -> 1 | F17: =(F4-$F$13)/($F$12-$F$13) -> 0.23076923 | G17: =1-(G4-$G$13)/($G$12-$G$13) -> 0 | H17: =(H4-$H$13)/($H$12-$H$13) -> 1 | I17: =1-(I4-$I$13)/($I$12-$I$13) -> 0.6974288 | J17: =(J4-$J$13)/($J$12-$J$13) -> 1 | K17: =1-(K4-$K$13)/($K$12-$K$13) -> 0 | L17: =(L4-$L$13)/($L$12-$L$13) -> 0.58333333 | M17: =1-(M4-$M$13)/($M$12-$M$13) -> 0 | N17: 0 | O17: =D17*$C$25+F17*$E$25+E17*$E$25+G17*$G$25+H17*$H$25+I17*$I$25+J17*$J$25+K17*$K$25+L17*$L$25+M17*$M$25+N17*$N$25 -> 0.49644987
A18: Максим | B18: =B5 -> HONOR MagicBook 14 | C18: =C5 -> IPS | D18: =(D5-$D$13)/($D$12-$D$13) -> 1 | F18: =(F5-$F$13)/($F$12-$F$13) -> 0 | G18: =1-(G5-$G$13)/($G$12-$G$13) -> 0.66666667 | H18: =(H5-$H$13)/($H$12-$H$13) -> 0 | I18: =1-(I5-$I$13)/($I$12-$I$13) -> 0.8639032 | J18: =(J5-$J$13)/($J$12-$J$13) -> 1 | K18: =1-(K5-$K$13)/($K$12-$K$13) -> 1 | L18: =(L5-$L$13)/($L$12-$L$13) -> 0.47222222 | M18: =1-(M5-$M$13)/($M$12-$M$13) -> 0 | N18: 0 | O18: =D18*$C$25+F18*$E$25+E18*$E$25+G18*$G$25+H18*$H$25+I18*$I$25+J18*$J$25+K18*$K$25+L18*$L$25+M18*$M$25+N18*$N$25 -> 0.5389102
A19: Егор | B19: =B6 -> Ноутбук ASUS ZenBook 14 | C19: =C6 -> IPS | D19: =(D6-$D$13)/($D$12-$D$13) -> 1 | F19: =(F6-$F$13)/($F$12-$F$13) -> 1 | G19: =1-(G6-$G$13)/($G$12-$G$13) -> 0 | H19: =(H6-$H$13)/($H$12-$H$13) -> 0.93103448 | I19: =1-(I6-$I$13)/($I$12-$I$13) -> 0 | J19: =(J6-$J$13)/($J$12-$J$13) -> 1 | K19: =1-(K6-$K$13)/($K$12-$K$13) -> 1 | L19: =(L6-$L$13)/($L$12-$L$13) -> 1 | M19: =1-(M6-$M$13)/($M$12-$M$13) -> 0 | N19: 0 | O19: =D19*$C$25+F19*$E$25+E19*$E$25+G19*$G$25+H19*$H$25+I19*$I$25+J19*$J$25+K19*$K$25+L19*$L$25+M19*$M$25+N19*$N$25 -> 0.50548589
A20: Антон | B20: =B7 -> Infinix InBook Y3 MAX | C20: =C7 -> IPS | D20: =(D7-$D$13)/($D$12-$D$13) -> 1 | F20: =(F7-$F$13)/($F$12-$F$13) -> 0.23076923 | G20: =1-(G7-$G$13)/($G$12-$G$13) -> 1 | H20: =(H7-$H$13)/($H$12-$H$13) -> 0.068965517 | I20: =1-(I7-$I$13)/($I$12-$I$13) -> 0.94849906 | J20: =(J7-$J$13)/($J$12-$J$13) -> 1 | K20: =1-(K7-$K$13)/($K$12-$K$13) -> 0 | L20: =(L7-$L$13)/($L$12-$L$13) -> 0.86111111 | M20: =1-(M7-$M$13)/($M$12-$M$13) -> 0 | N20: 0 | O20: =D20*$C$25+F20*$E$25+E20*$E$25+G20*$G$25+H20*$H$25+I20*$I$25+J20*$J$25+K20*$K$25+L20*$L$25+M20*$M$25+N20*$N$25 -> 0.58059862
A21: Павел | B21: =B8 -> ASUS TUF Gaming F15 FX507 | C21: =C8 -> IPS | D21: =(D8-$D$13)/($D$12-$D$13) -> 1 | F21: =(F8-$F$13)/($F$12-$F$13) -> 0 | G21: =1-(G8-$G$13)/($G$12-$G$13) -> 0 | H21: =(H8-$H$13)/($H$12-$H$13) -> 0.93103448 | I21: =1-(I8-$I$13)/($I$12-$I$13) -> 0.31072317 | J21: =(J8-$J$13)/($J$12-$J$13) -> 1 | K21: =1-(K8-$K$13)/($K$12-$K$13) -> 0.2 | L21: =(L8-$L$13)/($L$12-$L$13) -> 0.47222222 | M21: =1-(M8-$M$13)/($M$12-$M$13) -> 0 | N21: 0 | O21: =D21*$C$25+F21*$E$25+E21*$E$25+G21*$G$25+H21*$H$25+I21*$I$25+J21*$J$25+K21*$K$25+L21*$L$25+M21*$M$25+N21*$N$25 -> 0.4156488
A22: Владислав | B22: =B9 -> Huawei MateBook D14 | C22: =C9 -> IPS | D22: =(D9-$D$13)/($D$12-$D$13) -> 1 | F22: =(F9-$F$13)/($F$12-$F$13) -> 0 | G22: =1-(G9-$G$13)/($G$12-$G$13) -> 0.66666667 | H22: =(H9-$H$13)/($H$12-$H$13) -> 0.068965517 | I22: =1-(I9-$I$13)/($I$12-$I$13) -> 1 | J22: =(J9-$J$13)/($J$12-$J$13) -> 1 | K22: =1-(K9-$K$13)/($K$12-$K$13) -> 1 | L22: =(L9-$L$13)/($L$12-$L$13) -> 0.47222222 | M22: =1-(M9-$M$13)/($M$12-$M$13) -> 0 | N22: 0 | O22: =D22*$C$25+F22*$E$25+E22*$E$25+G22*$G$25+H22*$H$25+I22*$I$25+J22*$J$25+K22*$K$25+L22*$L$25+M22*$M$25+N22*$N$25 -> 0.56964037
A23: Николай | B23: =B10 -> MSI Modern 15 | C23: =C10 -> IPS | D23: =(D10-$D$13)/($D$12-$D$13) -> 1 | F23: =(F10-$F$13)/($F$12-$F$13) -> 0 | G23: =1-(G10-$G$13)/($G$12-$G$13) -> 0.33333333 | H23: =(H10-$H$13)/($H$12-$H$13) -> 0.96551724 | I23: =1-(I10-$I$13)/($I$12-$I$13) -> 0.79468841 | J23: =(J10-$J$13)/($J$12-$J$13) -> 1 | K23: =1-(K10-$K$13)/($K$12-$K$13) -> 0.2 | L23: =(L10-$L$13)/($L$12-$L$13) -> 0 | M23: =1-(M10-$M$13)/($M$12-$M$13) -> 0 | N23: 0 | O23: =D23*$C$25+E23*$E$25+F23*$E$25+G23*$G$25+H23*$H$25+I23*$I$25+J23*$J$25+K23*$K$25+L23*$L$25+M23*$M$25+N23*$N$25 -> 0.52261928
A24: Артем | B24: =B11 -> Acer Aspire 5 | C24: =C11 -> IPS | D24: =(D11-$D$13)/($D$12-$D$13) -> 1 | F24: =(F11-$F$13)/($F$12-$F$13) -> 0 | G24: =1-(G11-$G$13)/($G$12-$G$13) -> 0.33333333 | H24: =(H11-$H$13)/($H$12-$H$13) -> 1 | I24: =1-(I11-$I$13)/($I$12-$I$13) -> 0.25632546 | J24: =(J11-$J$13)/($J$12-$J$13) -> 1 | K24: =1-(K11-$K$13)/($K$12-$K$13) -> 0.2 | L24: =(L11-$L$13)/($L$12-$L$13) -> 0.30555556 | M24: =1-(M11-$M$13)/($M$12-$M$13) -> 0 | N24: 0 | O24: =D24*$C$25+E24*$E$25+F24*$E$25+G24*$G$25+H24*$H$25+I24*$I$25+J24*$J$25+K24*$K$25+L24*$L$25+M24*$M$25+N24*$N$25 -> 0.45265299
A25: Веса критериев из метода ранжирования | C25: ='веса критериев'!B13 -> 0.068181818 | E25: ='веса критериев'!C13 -> 0.065909091 | G25: ='веса критериев'!D13 -> 0.13863636 | H25: ='веса критериев'!E13 -> 0.11818182 | I25: ='веса критериев'!F13 -> 0.16590909 | J25: ='веса критериев'!G13 -> 0.15 | K25: ='веса критериев'!H13 -> 0.061363636 | L25: ='веса критериев'!I13 -> 0.05 | M25: ='веса критериев'!J13 -> 0.12954545 | N25: ='веса критериев'!K13 -> 0.052272727
B27: Альтернативы
A29: 1 | B29: =INDEX($B$17:$B$24, MATCH(C29, $O$17:$O$24, 0)) -> Infinix InBook Y3 MAX | C29: =LARGE($O$17:$O$24,A29) -> 0.58059862
A30: 2 | B30: =INDEX($B$17:$B$24, MATCH(C30, $O$17:$O$24, 0)) -> Huawei MateBook D14 | C30: =LARGE($O$17:$O$24,A30) -> 0.56964037
A31: 3 | B31: =INDEX($B$17:$B$24, MATCH(C31, $O$17:$O$24, 0)) -> HONOR MagicBook 14 | C31: =LARGE($O$17:$O$24,A31) -> 0.5389102
A32: 4 | B32: =INDEX($B$17:$B$24, MATCH(C32, $O$17:$O$24, 0)) -> MSI Modern 15 | C32: =LARGE($O$17:$O$24,A32) -> 0.52261928
A33: 5 | B33: =INDEX($B$17:$B$24, MATCH(C33, $O$17:$O$24, 0)) -> Ноутбук ASUS ZenBook 14 | C33: =LARGE($O$17:$O$24,A33) -> 0.50548589
A34: 6 | B34: =INDEX($B$17:$B$24, MATCH(C34, $O$17:$O$24, 0)) -> HONOR MagicBook x16 pro | C34: =LARGE($O$17:$O$24,A34) -> 0.49644987
A35: 7 | B35: =INDEX($B$17:$B$24, MATCH(C35, $O$17:$O$24, 0)) -> Acer Aspire 5 | C35: =LARGE($O$17:$O$24,A35) -> 0.45265299
A36: 8 | B36: =INDEX($B$17:$B$24, MATCH(C36, $O$17:$O$24, 0)) -> ASUS TUF Gaming F15 FX507 | C36: =LARGE($O$17:$O$24,A36) -> 0.4156488

Sheet альтернативы (м. баллов)
G1: мин | I1: мин | K1: мин | M1: мин | N1: мин
A2: Эксперты | B2: Альтернативы | C2: Критерии | Q2: К1 | R2: тип матрицы
C3: тип матрицы | E3: разрешение экрана | G3: ядра процессора | H3: частота процессора, ГГц | I3: цена, руб | J3: ОЗУ, Гб | K3: диагональ экрана, дюймы | L3: емкость батареи, Вт*ч | M3: ПЗУ, Гб | N3: объем памяти видеокарты, Гб | Q3: К2 | R3: разрешение экрана(fhd, qhd, 4k)
A4: Василий | B4: ='альтернативы (м. ранжирования)'!B4 -> HONOR MagicBook x16 pro | C4: ='альтернативы (м. ранжирования)'!C4 -> IPS | D4: ='альтернативы (м. ранжирования)'!D4 -> 1 | E4: ='альтернативы (м. ранжирования)'!E4 -> 1920 | F4: ='альтернативы (м. ранжирования)'!F4 -> 1200 | G4: ='альтернативы (м. ранжирования)'!G4 -> 12 | H4: ='альтернативы (м. ранжирования)'!H4 -> 4.7 | I4: ='альтернативы (м. ранжирования)'!I4 -> 52793 | ... N4: ='альтернативы (м. ранжирования)'!N4 -> 0 | Q4: К4 | R4: количество ядер процессора
A5: Максим | B5: ='альтернативы (м. ранжирования)'!B5 -> HONOR MagicBook 14 | C5: ='альтернативы (м. ранжирования)'!C5 -> IPS | D5: ='альтернативы (м. ранжирования)'!D5 -> 1 | E5: ='альтернативы (м. ранжирования)'!E5 -> 1920 | F5: ='альтернативы (м. ранжирования)'!F5 -> 1080 | G5: ='альтернативы (м. ранжирования)'!G5 -> 8 | H5: ='альтернативы (м. ранжирования)'!H5 -> 1.8 | I5: ='альтернативы (м. ранжирования)'!I5 -> 46299 | ... N5: ='альтернативы (м. ранжирования)'!N5 -> 0 | Q5: К5 | R5: тактовая частота процесссора
A6: Егор | B6: ='альтернативы (м. ранжирования)'!B6 -> Ноутбук ASUS ZenBook 14 | C6: ='альтернативы (м. ранжирования)'!C6 -> IPS | D6: ='альтернативы (м. ранжирования)'!D6 -> 1 | E6: ='альтернативы (м. ранжирования)'!E6 -> 2560 | F6: ='альтернативы (м. ранжирования)'!F6 -> 1600 | G6: ='альтернативы (м. ранжирования)'!G6 -> 12 | H6: ='альтернативы (м. ранжирования)'!H6 -> 4.5 | I6: ='альтернативы (м. ранжирования)'!I6 -> 79999 | ... N6: ='альтернативы (м. ранжирования)'!N6 -> 0 | Q6: К7 | R6: цена
A7: Антон | B7: ='альтернативы (м. ранжирования)'!B7 -> Infinix InBook Y3 MAX | C7: ='альтернативы (м. ранжирования)'!C7 -> IPS | D7: ='альтернативы (м. ранжирования)'!D7 -> 1 | E7: ='альтернативы (м. ранжирования)'!E7 -> 1920 | F7: ='альтернативы (м. ранжирования)'!F7 -> 1200 | G7: ='альтернативы (м. ранжирования)'!G7 -> 6 | H7: ='альтернативы (м. ранжирования)'!H7 -> 2 | I7: ='альтернативы (м. ранжирования)'!I7 -> 42999 | ... N7: ='альтернативы (м. ранжирования)'!N7 -> 0 | Q7: К8 | R7: оперативная память (ОЗУ)
A8: Павел | B8: ='альтернативы (м. ранжирования)'!B8 -> ASUS TUF Gaming F15 FX507 | C8: ='альтернативы (м. ранжирования)'!C8 -> IPS | D8: ='альтернативы (м. ранжирования)'!D8 -> 1 | E8: ='альтернативы (м. ранжирования)'!E8 -> 1920 | F8: ='альтернативы (м. ранжирования)'!F8 -> 1080 | G8: ='альтернативы (м. ранжирования)'!G8 -> 12 | H8: ='альтернативы (м. ранжирования)'!H8 -> 4.5 | I8: ='альтернативы (м. ранжирования)'!I8 -> 67878 | ... N8: ='альтернативы (м. ранжирования)'!N8 -> 0 | Q8: К9 | R8: размер экрана
A9: Владислав | B9: ='альтернативы (м. ранжирования)'!B9 -> Huawei MateBook D14 | C9: ='альтернативы (м. ранжирования)'!C9 -> IPS | D9: ='альтернативы (м. ранжирования)'!D9 -> 1 | E9: ='альтернативы (м. ранжирования)'!E9 -> 1920 | F9: ='альтернативы (м. ранжирования)'!F9 -> 1080 | G9: ='альтернативы (м. ранжирования)'!G9 -> 8 | H9: ='альтернативы (м. ранжирования)'!H9 -> 2 | I9: ='альтернативы (м. ранжирования)'!I9 -> 40990 | ... N9: ='альтернативы (м. ранжирования)'!N9 -> 0 | Q9: К10 | R9: емкость батареи
A10: Николай | B10: ='альтернативы (м. ранжирования)'!B10 -> MSI Modern 15 | C10: ='альтернативы (м. ранжирования)'!C10 -> IPS | D10: ='альтернативы (м. ранжирования)'!D10 -> 1 | E10: ='альтернативы (м. ранжирования)'!E10 -> 1920 | F10: ='альтернативы (м. ранжирования)'!F10 -> 1080 | G10: ='альтернативы (м. ранжирования)'!G10 -> 10 | H10: ='альтернативы (м. ранжирования)'!H10 -> 4.6 | I10: ='альтернативы (м. ранжирования)'!I10 -> 48999 | ... N10: ='альтернативы (м. ранжирования)'!N10 -> 0 | Q10: К15 | R10: постоянная память (ПЗУ)
A11: Артем | B11: ='альтернативы (м. ранжирования)'!B11 -> Acer Aspire 5 | C11: ='альтернативы (м. ранжирования)'!C11 -> IPS | D11: ='альтернативы (м. ранжирования)'!D11 -> 1 | E11: ='альтернативы (м. ранжирования)'!E11 -> 1920 | F11: ='альтернативы (м. ранжирования)'!F11 -> 1080 | G11: ='альтернативы (м. ранжирования)'!G11 -> 10 | H11: ='альтернативы (м. ранжирования)'!H11 -> 4.7 | I11: ='альтернативы (м. ранжирования)'!I11 -> 70000 | ... N11: ='альтернативы (м. ранжирования)'!N11 -> 0 | Q11: К18 | R11: объем памяти видеокарты
A12: максимум | C12: =C10 -> IPS | D12: ='альтернативы (м. ранжирования)'!D12 -> 1 | E12: ='альтернативы (м. ранжирования)'!E12 -> 2560 | F12: ='альтернативы (м. ранжирования)'!F12 -> 1600 | G12: ='альтернативы (м. ранжирования)'!G12 -> 12 | H12: ='альтернативы (м. ранжирования)'!H12 -> 4.7 | I12: ='альтернативы (м. ранжирования)'!I12 -> 79999 | J12: ='альтернативы (м. ранжирования)'!J12 -> 16 | K12: ='альтернативы (м. ранжирования)'!K12 -> 16 | ... N12: ='альтернативы (м. ранжирования)'!N12 -> 0
A13: минимум | C13: =C11 -> IPS | D13: ='альтернативы (м. ранжирования)'!D13 -> 0 | E13: ='альтернативы (м. ранжирования)'!E13 -> 1920 | F13: ='альтернативы (м. ранжирования)'!F13 -> 1080 | G13: ='альтернативы (м. ранжирования)'!G13 -> 6 | H13: ='альтернативы (м. ранжирования)'!H13 -> 1.8 | I13: ='альтернативы (м. ранжирования)'!I13 -> 40990 | J13: ='альтернативы (м. ранжирования)'!J13 -> 0 | K13: ='альтернативы (м. ранжирования)'!K13 -> 14 | ... N13: ='альтернативы (м. ранжирования)'!N13 -> 0
A15: Эксперты | B15: Альтернативы | C15: Нормализация критериев
C16: тип матрицы | E16: разрешение экрана | G16: ядра процессора | H16: частота процессора, ГГц | I16: цена, руб | J16: ОЗУ, Гб | K16: диагональ экрана, дюймы | L16: емкость батареи, Вт*ч | M16: ПЗУ, Гб | N16: объем памяти видеокарты, Гб
A17: Василий | B17: =B4 -> HONOR MagicBook x16 pro | C17: =C4 -> IPS | D17: =(D4-$D$13)/($D$12-$D$13) -> 1 | E17: =(E4-$E$13)/($E$12-$E$13) -> 0 | F17: =(F4-$F$13)/($F$12-$F$13) -> 0.23076923 | G17: =1-(G4-$G$13)/($G$12-$G$13) -> 0 | H17: =(H4-$H$13)/($H$12-$H$13) -> 1 | I17: =1-((I4-$I$13)/($I$12-$I$13)) -> 0.6974288 | J17: =(J4-$J$13)/($J$12-$J$13) -> 1 | K17: =1-(K4-$K$13)/($K$12-$K$13) -> 0 | L17: =(L4-$L$13)/($L$12-$L$13) -> 0.58333333 | M17: =1-(M4-$M$13)/($M$12-$M$13) -> 0 | N17: 0 | O17: =D17*$C$25+E17*$E$25+F17*$E$25+G17*$G$25+H17*$H$25+I17*$I$25+J17*$J$25+K17*$K$25+L17*$L$25+M17*$M$25+N17*$N$25 -> 0.46776716
A18: Максим | B18: =B5 -> HONOR MagicBook 14 | C18: =C5 -> IPS | D18: =(D5-$D$13)/($D$12-$D$13) -> 1 | E18: =(E5-$E$13)/($E$12-$E$13) -> 0 | F18: =(F5-$F$13)/($F$12-$F$13) -> 0 | G18: =1-(G5-$G$13)/($G$12-$G$13) -> 0.66666667 | H18: =(H5-$H$13)/($H$12-$H$13) -> 0 | I18: =1-((I5-$I$13)/($I$12-$I$13)) -> 0.8639032 | J18: =(J5-$J$13)/($J$12-$J$13) -> 1 | K18: =1-(K5-$K$13)/($K$12-$K$13) -> 1 | L18: =(L5-$L$13)/($L$12-$L$13) -> 0.47222222 | M18: =1-(M5-$M$13)/($M$12-$M$13) -> 0 | N18: 0 | O18: =D18*$C$25+E18*$E$25+F18*$E$25+G18*$G$25+H18*$H$25+I18*$I$25+J18*$J$25+K18*$K$25+L18*$L$25+M18*$M$25+N18*$N$25 -> 0.50829428
A19: Егор | B19: =B6 -> Ноутбук ASUS ZenBook 14 | C19: =C6 -> IPS | D19: =(D6-$D$13)/($D$12-$D$13) -> 1 | E19: =(E6-$E$13)/($E$12-$E$13) -> 1 | F19: =(F6-$F$13)/($F$12-$F$13) -> 1 | G19: =1-(G6-$G$13)/($G$12-$G$13) -> 0 | H19: =(H6-$H$13)/($H$12-$H$13) -> 0.93103448 | I19: =1-((I6-$I$13)/($I$12-$I$13)) -> 0 | J19: =(J6-$J$13)/($J$12-$J$13) -> 1 | K19: =1-(K6-$K$13)/($K$12-$K$13) -> 1 | L19: =(L6-$L$13)/($L$12-$L$13) -> 1 | M19: =1-(M6-$M$13)/($M$12-$M$13) -> 0 | N19: 0 | O19: =D19*$C$25+E19*$E$25+F19*$E$25+G19*$G$25+H19*$H$25+I19*$I$25+J19*$J$25+K19*$K$25+L19*$L$25+M19*$M$25+N19*$N$25 -> 0.65554598
A20: Антон | B20: =B7 -> Infinix InBook Y3 MAX | C20: =C7 -> IPS | D20: =(D7-$D$13)/($D$12-$D$13) -> 1 | E20: =(E7-$E$13)/($E$12-$E$13) -> 0 | F20: =(F7-$F$13)/($F$12-$F$13) -> 0.23076923 | G20: =1-(G7-$G$13)/($G$12-$G$13) -> 1 | H20: =(H7-$H$13)/($H$12-$H$13) -> 0.068965517 | I20: =1-((I7-$I$13)/($I$12-$I$13)) -> 0.94849906 | J20: =(J7-$J$13)/($J$12-$J$13) -> 1 | K20: =1-(K7-$K$13)/($K$12-$K$13) -> 0 | L20: =(L7-$L$13)/($L$12-$L$13) -> 0.86111111 | M20: =1-(M7-$M$13)/($M$12-$M$13) -> 0 | N20: 0 | O20: =D20*$C$25+E20*$E$25+F20*$E$25+G20*$G$25+H20*$H$25+I20*$I$25+J20*$J$25+K20*$K$25+L20*$L$25+M20*$M$25+N20*$N$25 -> 0.53214347
A21: Павел | B21: =B8 -> ASUS TUF Gaming F15 FX507 | C21: =C8 -> IPS | D21: =(D8-$D$13)/($D$12-$D$13) -> 1 | E21: =(E8-$E$13)/($E$12-$E$13) -> 0 | F21: =(F8-$F$13)/($F$12-$F$13) -> 0 | G21: =1-(G8-$G$13)/($G$12-$G$13) -> 0 | H21: =(H8-$H$13)/($H$12-$H$13) -> 0.93103448 | I21: =1-((I8-$I$13)/($I$12-$I$13)) -> 0.31072317 | J21: =(J8-$J$13)/($J$12-$J$13) -> 1 | K21: =1-(K8-$K$13)/($K$12-$K$13) -> 0.2 | L21: =(L8-$L$13)/($L$12-$L$13) -> 0.47222222 | M21: =1-(M8-$M$13)/($M$12-$M$13) -> 0 | N21: 0 | O21: =D21*$C$25+E21*$E$25+F21*$E$25+G21*$G$25+H21*$H$25+I21*$I$25+J21*$J$25+K21*$K$25+L21*$L$25+M21*$M$25+N21*$N$25 -> 0.40097049
A22: Владислав | B22: =B9 -> Huawei MateBook D14 | C22: =C9 -> IPS | D22: =(D9-$D$13)/($D$12-$D$13) -> 1 | E22: =(E9-$E$13)/($E$12-$E$13) -> 0 | F22: =(F9-$F$13)/($F$12-$F$13) -> 0 | G22: =1-(G9-$G$13)/($G$12-$G$13) -> 0.66666667 | H22: =(H9-$H$13)/($H$12-$H$13) -> 0.068965517 | I22: =1-((I9-$I$13)/($I$12-$I$13)) -> 1 | J22: =(J9-$J$13)/($J$12-$J$13) -> 1 | K22: =1-(K9-$K$13)/($K$12-$K$13) -> 1 | L22: =(L9-$L$13)/($L$12-$L$13) -> 0.47222222 | M22: =1-(M9-$M$13)/($M$12-$M$13) -> 0 | N22: 0 | O22: =D22*$C$25+E22*$E$25+F22*$E$25+G22*$G$25+H22*$H$25+I22*$I$25+J22*$J$25+K22*$K$25+L22*$L$25+M22*$M$25+N22*$N$25 -> 0.53200027
A23: Николай | B23: =B10 -> MSI Modern 15 | C23: =C10 -> IPS | D23: =(D10-$D$13)/($D$12-$D$13) -> 1 | E23: =(E10-$E$13)/($E$12-$E$13) -> 0 | F23: =(F10-$F$13)/($F$12-$F$13) -> 0 | G23: =1-(G10-$G$13)/($G$12-$G$13) -> 0.33333333 | H23: =(H10-$H$13)/($H$12-$H$13) -> 0.96551724 | I23: =1-((I10-$I$13)/($I$12-$I$13)) -> 0.79468841 | J23: =(J10-$J$13)/($J$12-$J$13) -> 1 | K23: =1-(K10-$K$13)/($K$12-$K$13) -> 0.2 | L23: =(L10-$L$13)/($L$12-$L$13) -> 0 | M23: =1-(M10-$M$13)/($M$12-$M$13) -> 0 | N23: 0 | O23: =D23*$C$25+E23*$E$25+F23*$E$25+G23*$G$25+H23*$H$25+I23*$I$25+J23*$J$25+K23*$K$25+L23*$L$25+M23*$M$25+N23*$N$25 -> 0.4590755
A24: Артем | B24: =B11 -> Acer Aspire 5 | C24: =C11 -> IPS | D24: =(D11-$D$13)/($D$12-$D$13) -> 1 | E24: =(E11-$E$13)/($E$12-$E$13) -> 0 | F24: =(F11-$F$13)/($F$12-$F$13) -> 0 | G24: =1-(G11-$G$13)/($G$12-$G$13) -> 0.33333333 | H24: =(H11-$H$13)/($H$12-$H$13) -> 1 | I24: =1-((I11-$I$13)/($I$12-$I$13)) -> 0.25632546 | J24: =(J11-$J$13)/($J$12-$J$13) -> 1 | K24: =1-(K11-$K$13)/($K$12-$K$13) -> 0.2 | L24: =(L11-$L$13)/($L$12-$L$13) -> 0.30555556 | M24: =1-(M11-$M$13)/($M$12-$M$13) -> 0 | N24: 0 | O24: =D24*$C$25+E24*$E$25+F24*$E$25+G24*$G$25+H24*$H$25+I24*$I$25+J24*$J$25+K24*$K$25+L24*$L$25+M24*$M$25+N24*$N$25 -> 0.42475499
A25: Веса критериев из метода баллов | C25: ='веса критериев'!B39 -> 0.092627994 | E25: ='веса критериев'!C39 -> 0.089289319 | G25: ='веса критериев'!D39 -> 0.11132581 | H25: ='веса критериев'!E39 -> 0.10820081 | I25: ='веса критериев'!F39 -> 0.11935526 | J25: ='веса критериев'!G39 -> 0.11306384 | K25: ='веса критериев'!H39 -> 0.084775395 | L25: ='веса критериев'!I39 -> 0.085761437 | M25: ='веса критериев'!J39 -> 0.11458823 | N25: ='веса критериев'!K39 -> 0.081011919
B27: Альтернативы
A29: 1 | B29: =INDEX($B$17:$B$24, MATCH(C29, $O$17:$O$24, 0)) -> Ноутбук ASUS ZenBook 14 | C29: =LARGE($O$17:$O$24,A29) -> 0.65554598
A30: 2 | B30: =INDEX($B$17:$B$24, MATCH(C30, $O$17:$O$24, 0)) -> Infinix InBook Y3 MAX | C30: =LARGE($O$17:$O$24,A30) -> 0.53214347
A31: 3 | B31: =INDEX($B$17:$B$24, MATCH(C31, $O$17:$O$24, 0)) -> Huawei MateBook D14 | C31: =LARGE($O$17:$O$24,A31) -> 0.53200027
A32: 4 | B32: =INDEX($B$17:$B$24, MATCH(C32, $O$17:$O$24, 0)) -> HONOR MagicBook 14 | C32: =LARGE($O$17:$O$24,A32) -> 0.50829428
A33: 5 | B33: =INDEX($B$17:$B$24, MATCH(C33, $O$17:$O$24, 0)) -> HONOR MagicBook x16 pro | C33: =LARGE($O$17:$O$24,A33) -> 0.46776716
A34: 6 | B34: =INDEX($B$17:$B$24, MATCH(C34, $O$17:$O$24, 0)) -> MSI Modern 15 | C34: =LARGE($O$17:$O$24,A34) -> 0.4590755
A35: 7 | B35: =INDEX($B$17:$B$24, MATCH(C35, $O$17:$O$24, 0)) -> Acer Aspire 5 | C35: =LARGE($O$17:$O$24,A35) -> 0.42475499
A36: 8 | B36: =INDEX($B$17:$B$24, MATCH(C36, $O$17:$O$24, 0)) -> ASUS TUF Gaming F15 FX507 | C36: =LARGE($O$17:$O$24,A36) -> 0.40097049
